{"event_id":0,"categories":{"data":[]},"gap_query":{"data":[{"employee_number":"0482","start_time":1589330369,"end_time":1589337639,"total_gap_hours":0,"count":19654.57,"pieces":7263.00,"records":442,"is_rx":true},{"employee_number":"1762","start_time":1589330451,"end_time":1589337574,"total_gap_hours":0,"count":5747.15,"pieces":3013.00,"records":128,"is_rx":true},{"employee_number":"3829","start_time":1589329584,"end_time":1589337233,"total_gap_hours":0,"count":16093.91,"pieces":5982.00,"records":363,"is_rx":true},{"employee_number":"5078","start_time":1589329576,"end_time":1589337645,"total_gap_hours":0,"count":20787.36,"pieces":7526.00,"records":349,"is_rx":true},{"employee_number":"6507","start_time":1589330420,"end_time":1589337479,"total_gap_hours":1,"count":40570.07,"pieces":10369.00,"records":312,"is_rx":true},{"employee_number":"8774","start_time":1589329775,"end_time":1589337645,"total_gap_hours":0,"count":12864.86,"pieces":4484.00,"records":278,"is_rx":true},{"employee_number":"9361","start_time":1589330344,"end_time":1589337478,"total_gap_hours":1,"count":18734.59,"pieces":7794.00,"records":152,"is_rx":true}]},"summary_query":{"inventory":1,"data":[{"employee":"0482","location":"1006","sub_location":"01","category":"01","records":25,"pieces":565.00,"cost":4886.59,"price":4886.59,"location_description":"","location_tag_1":"","location_tag_1_description":"","sub_location_description":"GOLDILOCKS CASHEW POLV","sub_location_tag_1":"","sub_location_tag_1_description":""},{"employee":"0482","location":"1006","sub_location":"02","category":"01","records":44,"pieces":774.00,"cost":1460.72,"price":1460.72,"location_description":"","location_tag_1":"","location_tag_1_description":"","sub_location_description":"CROL SUNFLOWER CRKRS CHZ 170G","sub_location_tag_1":"","sub_location_tag_1_description":""},{"employee":"0482","location":"1006","sub_location":"03","category":"01","records":42,"pieces":953.00,"cost":1180.93,"price":1180.93,"location_description":"","location_tag_1":"","location_tag_1_description":"","sub_location_description":"STIKKO WAFER STX VANILLA 400G","sub_location_tag_1":"","sub_location_tag_1_description":""},{"employee":"0482","location":"4005","sub_location":"01","category":"01","records":15,"pieces":435.00,"cost":1334.71,"price":1334.71,"location_description":"","location_tag_1":"","location_tag_1_description":"","sub_location_description":"","sub_location_tag_1":"","sub_location_tag_1_description":""},{"employee":"0482","location":"4005","sub_location":"02","category":"01","records":40,"pieces":589.00,"cost":1271.43,"price":1271.43,"location_description":"","location_tag_1":"","location_tag_1_description":"","sub_location_description":"","sub_location_tag_1":"","sub_location_tag_1_description":""},{"employee":"0482","location":"4005","sub_location":"03","category":"01","records":38,"pieces":511.00,"cost":1442.28,"price":1442.28,"location_description":"","location_tag_1":"","location_tag_1_description":"","sub_location_description":"","sub_location_tag_1":"","sub_location_tag_1_description":""},{"employee":"0482","location":"4005","sub_location":"04","category":"01","records":33,"pieces":453.00,"cost":2080.35,"price":2080.35,"location_description":"","location_tag_1":"","location_tag_1_description":"","sub_location_description":"","sub_location_tag_1":"","sub_location_tag_1_description":""},{"employee":"0482","location":"4005","sub_location":"05","category":"01","records":10,"pieces":396.00,"cost":1063.64,"price":1063.64,"location_description":"","location_tag_1":"","location_tag_1_description":"","sub_location_description":"","sub_location_tag_1":"","sub_location_tag_1_description":""},{"employee":"0482","location":"4005","sub_location":"06","category":"01","records":11,"pieces":258.00,"cost":809.26,"price":809.26,"location_description":"","location_tag_1":"","location_tag_1_description":"","sub_location_description":"","sub_location_tag_1":"","sub_location_tag_1_description":""},{"employee":"0482","location":"4007","sub_location":"01","category":"01","records":67,"pieces":725.00,"cost":1530.08,"price":1530.08,"location_description":"","location_tag_1":"","location_tag_1_description":"","sub_location_description":"","sub_location_tag_1":"","sub_location_tag_1_description":""},{"employee":"0482","location":"4007","sub_location":"02","category":"01","records":58,"pieces":813.00,"cost":1362.74,"price":1362.74,"location_description":"","location_tag_1":"","location_tag_1_description":"","sub_location_description":"LUCKY ME SUP BULALO 70g","sub_location_tag_1":"","sub_location_tag_1_description":""},{"employee":"0482","location":"4007","sub_location":"03","category":"01","records":59,"pieces":791.00,"cost":1231.84,"price":1231.84,"location_description":"","location_tag_1":"","location_tag_1_description":"","sub_location_description":"NORA K CHK PORRIDGE 48G","sub_location_tag_1":"","sub_location_tag_1_description":""},{"employee":"1762","location":"1005","sub_location":"01","category":"01","records":15,"pieces":271.00,"cost":1359.57,"price":1359.57,"location_description":"","location_tag_1":"","location_tag_1_description":"","sub_location_description":"","sub_location_tag_1":"","sub_location_tag_1_description":""},{"employee":"1762","location":"1005","sub_location":"02","category":"01","records":40,"pieces":1239.00,"cost":1872.09,"price":1872.09,"location_description":"","location_tag_1":"","location_tag_1_description":"","sub_location_description":"BOY BAW CORN GARLIC 17.64OZ","sub_location_tag_1":"","sub_location_tag_1_description":""},{"employee":"1762","location":"1005","sub_location":"03","category":"01","records":30,"pieces":650.00,"cost":630.70,"price":630.70,"location_description":"","location_tag_1":"","location_tag_1_description":"","sub_location_description":"JACK N J MANG JUAN PAOMB 3.17OZ","sub_location_tag_1":"","sub_location_tag_1_description":""},{"employee":"1762","location":"4006","sub_location":"01","category":"01","records":24,"pieces":389.00,"cost":1107.43,"price":1107.43,"location_description":"","location_tag_1":"","location_tag_1_description":"","sub_location_description":"","sub_location_tag_1":"","sub_location_tag_1_description":""},{"employee":"1762","location":"4009","sub_location":"01","category":"01","records":8,"pieces":219.00,"cost":348.01,"price":348.01,"location_description":"","location_tag_1":"","location_tag_1_description":"","sub_location_description":"ANGEL ROUND BANANA LEAVES 16OZ.","sub_location_tag_1":"","sub_location_tag_1_description":""},{"employee":"1762","location":"4009","sub_location":"02","category":"01","records":11,"pieces":245.00,"cost":429.35,"price":429.35,"location_description":"","location_tag_1":"","location_tag_1_description":"","sub_location_description":"GM BANANA LEAVES REG. 16oz.","sub_location_tag_1":"","sub_location_tag_1_description":""},{"employee":"3829","location":"1001","sub_location":"01","category":"01","records":12,"pieces":211.00,"cost":466.71,"price":466.71,"location_description":"","location_tag_1":"","location_tag_1_description":"","sub_location_description":"BENTO GARLIC SPICY SQUID YELLOW","sub_location_tag_1":"","sub_location_tag_1_description":""},{"employee":"3829","location":"1001","sub_location":"02","category":"01","records":22,"pieces":280.00,"cost":680.20,"price":680.20,"location_description":"","location_tag_1":"","location_tag_1_description":"","sub_location_description":"","sub_location_tag_1":"","sub_location_tag_1_description":""},{"employee":"3829","location":"1001","sub_location":"03","category":"01","records":16,"pieces":233.00,"cost":402.27,"price":402.27,"location_description":"","location_tag_1":"","location_tag_1_description":"","sub_location_description":"LA PAC GRAHAM w/ PEANUT BUTTER","sub_location_tag_1":"","sub_location_tag_1_description":""},{"employee":"3829","location":"1002","sub_location":"01","category":"01","records":21,"pieces":167.00,"cost":390.81,"price":390.81,"location_description":"","location_tag_1":"","location_tag_1_description":"","sub_location_description":"UFC SPAG SAUCE SWT FIL 1 KG","sub_location_tag_1":"","sub_location_tag_1_description":""},{"employee":"3829","location":"1002","sub_location":"02","category":"01","records":7,"pieces":81.00,"cost":660.99,"price":660.99,"location_description":"","location_tag_1":"","location_tag_1_description":"","sub_location_description":"BEST SWT TAMARIND 1 LB BOX","sub_location_tag_1":"","sub_location_tag_1_description":""},{"employee":"3829","location":"1002","sub_location":"03","category":"01","records":2,"pieces":25.00,"cost":101.15,"price":101.15,"location_description":"","location_tag_1":"","location_tag_1_description":"","sub_location_description":"BEST SWT TAMARIND 1 LB BOX","sub_location_tag_1":"","sub_location_tag_1_description":""},{"employee":"3829","location":"1003","sub_location":"01","category":"01","records":19,"pieces":472.00,"cost":696.98,"price":696.98,"location_description":"","location_tag_1":"","location_tag_1_description":"","sub_location_description":"ASTOR WAFER STICK 150g(BOX)","sub_location_tag_1":"","sub_location_tag_1_description":""},{"employee":"3829","location":"1003","sub_location":"02","category":"01","records":11,"pieces":264.00,"cost":335.46,"price":335.46,"location_description":"","location_tag_1":"","location_tag_1_description":"","sub_location_description":"OISHI PILLOWS CHOCO 150 GRAMS","sub_location_tag_1":"","sub_location_tag_1_description":""},{"employee":"3829","location":"1003","sub_location":"03","category":"01","records":10,"pieces":76.00,"cost":146.00,"price":146.00,"location_description":"","location_tag_1":"","location_tag_1_description":"","sub_location_description":"JHC Tamarind 7 oz","sub_location_tag_1":"","sub_location_tag_1_description":""},{"employee":"3829","location":"1004","sub_location":"01","category":"01","records":10,"pieces":111.00,"cost":266.49,"price":266.49,"location_description":"","location_tag_1":"","location_tag_1_description":"","sub_location_description":"REGENT PANDAN CAKE 20G X 10PCS","sub_location_tag_1":"","sub_location_tag_1_description":""},{"employee":"3829","location":"1004","sub_location":"02","category":"01","records":8,"pieces":75.00,"cost":465.65,"price":465.65,"location_description":"","location_tag_1":"","location_tag_1_description":"","sub_location_description":"Buco Pandan","sub_location_tag_1":"","sub_location_tag_1_description":""},{"employee":"3829","location":"1004","sub_location":"03","category":"01","records":4,"pieces":50.00,"cost":178.00,"price":178.00,"location_description":"","location_tag_1":"","location_tag_1_description":"","sub_location_description":"Leche Flan Small","sub_location_tag_1":"","sub_location_tag_1_description":""},{"employee":"3829","location":"1004","sub_location":"04","category":"01","records":7,"pieces":162.00,"cost":822.19,"price":822.19,"location_description":"","location_tag_1":"","location_tag_1_description":"","sub_location_description":"Leche Flan","sub_location_tag_1":"","sub_location_tag_1_description":""},{"employee":"3829","location":"1008","sub_location":"01","category":"01","records":16,"pieces":113.00,"cost":682.07,"price":682.07,"location_description":"","location_tag_1":"","location_tag_1_description":"","sub_location_description":"Magnolia IC Bar Mango","sub_location_tag_1":"","sub_location_tag_1_description":""},{"employee":"3829","location":"1008","sub_location":"02","category":"01","records":18,"pieces":82.00,"cost":774.38,"price":774.38,"location_description":"","location_tag_1":"","location_tag_1_description":"","sub_location_description":"MAG IC BUKO PANDAN 1.5QTS","sub_location_tag_1":"","sub_location_tag_1_description":""},{"employee":"3829","location":"1008","sub_location":"03","category":"01","records":19,"pieces":81.00,"cost":760.59,"price":760.59,"location_description":"","location_tag_1":"","location_tag_1_description":"","sub_location_description":"MAG IC UBE 1.5QTS","sub_location_tag_1":"","sub_location_tag_1_description":""},{"employee":"3829","location":"1008","sub_location":"04","category":"01","records":20,"pieces":170.00,"cost":244.24,"price":244.24,"location_description":"","location_tag_1":"","location_tag_1_description":"","sub_location_description":"KAPUSO COCONUT WATER 500mL+CRV","sub_location_tag_1":"","sub_location_tag_1_description":""},{"employee":"3829","location":"1008","sub_location":"05","category":"01","records":22,"pieces":164.00,"cost":280.86,"price":280.86,"location_description":"","location_tag_1":"","location_tag_1_description":"","sub_location_description":"LUCIA THAI TEA 520mL+CRV","sub_location_tag_1":"","sub_location_tag_1_description":""},{"employee":"3829","location":"1008","sub_location":"06","category":"01","records":12,"pieces":165.00,"cost":333.00,"price":333.00,"location_description":"","location_tag_1":"","location_tag_1_description":"","sub_location_description":"PAR. DALANDAN JUICE 520mL+CRV","sub_location_tag_1":"","sub_location_tag_1_description":""},{"employee":"3829","location":"3003","sub_location":"01","category":"01","records":26,"pieces":638.00,"cost":2137.22,"price":2137.22,"location_description":"","location_tag_1":"","location_tag_1_description":"","sub_location_description":"CALIFORNIA P&C SAUSAUGE","sub_location_tag_1":"","sub_location_tag_1_description":""},{"employee":"3829","location":"3003","sub_location":"02","category":"01","records":6,"pieces":118.00,"cost":200.92,"price":200.92,"location_description":"","location_tag_1":"","location_tag_1_description":"","sub_location_description":"PEAR BLOSSOM SWEET RICE 5LBS.","sub_location_tag_1":"","sub_location_tag_1_description":""},{"employee":"3829","location":"3003","sub_location":"03","category":"01","records":6,"pieces":69.00,"cost":950.58,"price":950.58,"location_description":"","location_tag_1":"","location_tag_1_description":"","sub_location_description":"CATHAY BROWN RICE 20lbs.","sub_location_tag_1":"","sub_location_tag_1_description":""},{"employee":"3829","location":"3003","sub_location":"04","category":"01","records":15,"pieces":231.00,"cost":1399.49,"price":1399.49,"location_description":"","location_tag_1":"","location_tag_1_description":"","sub_location_description":"GENUINE EFFIC OIL 100ML","sub_location_tag_1":"","sub_location_tag_1_description":""},{"employee":"3829","location":"4006","sub_location":"04","category":"01","records":14,"pieces":370.00,"cost":378.22,"price":378.22,"location_description":"","location_tag_1":"","location_tag_1_description":"","sub_location_description":"PLASTIC LADDLE/TABO","sub_location_tag_1":"","sub_location_tag_1_description":""},{"employee":"3829","location":"4012","sub_location":"01","category":"01","records":14,"pieces":363.00,"cost":718.91,"price":718.91,"location_description":"","location_tag_1":"","location_tag_1_description":"","sub_location_description":"POP GIN. HON CRYS. w/ LEM. 540G","sub_location_tag_1":"","sub_location_tag_1_description":""},{"employee":"3829","location":"4015","sub_location":"03","category":"01","records":24,"pieces":1129.00,"cost":1619.71,"price":1619.71,"location_description":"","location_tag_1":"","location_tag_1_description":"","sub_location_description":"PORKWAN PAD THAI SAUCE 33oz","sub_location_tag_1":"","sub_location_tag_1_description":""},{"employee":"3829","location":"8001","sub_location":"05","category":"01","records":2,"pieces":82.00,"cost":0.82,"price":0.82,"location_description":"","location_tag_1":"","location_tag_1_description":"","sub_location_description":"","sub_location_tag_1":"","sub_location_tag_1_description":""},{"employee":"5078","location":"3002","sub_location":"01","category":"01","records":27,"pieces":570.00,"cost":1949.60,"price":1949.60,"location_description":"","location_tag_1":"","location_tag_1_description":"","sub_location_description":"GINGER CANDY 125g/ 4.40oz","sub_location_tag_1":"","sub_location_tag_1_description":""},{"employee":"5078","location":"3004","sub_location":"01","category":"01","records":9,"pieces":109.00,"cost":1.09,"price":1.09,"location_description":"","location_tag_1":"","location_tag_1_description":"","sub_location_description":"","sub_location_tag_1":"","sub_location_tag_1_description":""},{"employee":"5078","location":"4002","sub_location":"01","category":"01","records":39,"pieces":688.00,"cost":1842.94,"price":1842.94,"location_description":"","location_tag_1":"","location_tag_1_description":"","sub_location_description":"WL SUPER BAWANG MIX NUTS 50G","sub_location_tag_1":"","sub_location_tag_1_description":""},{"employee":"5078","location":"4003","sub_location":"01","category":"01","records":30,"pieces":513.00,"cost":2585.63,"price":2585.63,"location_description":"","location_tag_1":"","location_tag_1_description":"","sub_location_description":"AC LENGUA DE GATO","sub_location_tag_1":"","sub_location_tag_1_description":""},{"employee":"5078","location":"4004","sub_location":"01","category":"01","records":7,"pieces":613.00,"cost":412.09,"price":412.09,"location_description":"","location_tag_1":"","location_tag_1_description":"","sub_location_description":"NORA K MACARONI CHK SOUP 58G","sub_location_tag_1":"","sub_location_tag_1_description":""},{"employee":"5078","location":"4004","sub_location":"02","category":"01","records":11,"pieces":428.00,"cost":372.52,"price":372.52,"location_description":"","location_tag_1":"","location_tag_1_description":"","sub_location_description":"INDOMIE SPECIAL CHIC. NOODLES","sub_location_tag_1":"","sub_location_tag_1_description":""},{"employee":"5078","location":"4004","sub_location":"03","category":"01","records":4,"pieces":22.00,"cost":82.08,"price":82.08,"location_description":"","location_tag_1":"","location_tag_1_description":"","sub_location_description":"JAYONE FERM. SOYB PASTE 1.10lbs","sub_location_tag_1":"","sub_location_tag_1_description":""},{"employee":"5078","location":"4004","sub_location":"04","category":"01","records":8,"pieces":162.00,"cost":299.92,"price":299.92,"location_description":"","location_tag_1":"","location_tag_1_description":"","sub_location_description":"AROY-D COCO CREAM CREAMY 1L","sub_location_tag_1":"","sub_location_tag_1_description":""},{"employee":"5078","location":"4006","sub_location":"02","category":"01","records":16,"pieces":253.00,"cost":682.01,"price":682.01,"location_description":"","location_tag_1":"","location_tag_1_description":"","sub_location_description":"DAYAT FRIED GARLIC 12 OZ","sub_location_tag_1":"","sub_location_tag_1_description":""},{"employee":"5078","location":"4006","sub_location":"03","category":"01","records":44,"pieces":942.00,"cost":1557.18,"price":1557.18,"location_description":"","location_tag_1":"","location_tag_1_description":"","sub_location_description":"AC AGAR AGAR ORANGE .70 oz.","sub_location_tag_1":"","sub_location_tag_1_description":""},{"employee":"5078","location":"4013","sub_location":"01","category":"01","records":7,"pieces":109.00,"cost":704.05,"price":704.05,"location_description":"","location_tag_1":"","location_tag_1_description":"","sub_location_description":"COLUSA WHITE RICE 15lbs","sub_location_tag_1":"","sub_location_tag_1_description":""},{"employee":"5078","location":"4014","sub_location":"01","category":"01","records":13,"pieces":108.00,"cost":442.18,"price":442.18,"location_description":"","location_tag_1":"","location_tag_1_description":"","sub_location_description":"OCEANKIST BABY SCAD 2LB","sub_location_tag_1":"","sub_location_tag_1_description":""},{"employee":"5078","location":"4014","sub_location":"02","category":"01","records":23,"pieces":465.00,"cost":1180.59,"price":1180.59,"location_description":"","location_tag_1":"","location_tag_1_description":"","sub_location_description":"OCEANKIST BABY SCAD 2LB","sub_location_tag_1":"","sub_location_tag_1_description":""},{"employee":"5078","location":"4014","sub_location":"03","category":"01","records":6,"pieces":121.00,"cost":1117.69,"price":1117.69,"location_description":"","location_tag_1":"","location_tag_1_description":"","sub_location_description":"NAUTILUS RAW WHITE SHRIMP","sub_location_tag_1":"","sub_location_tag_1_description":""},{"employee":"5078","location":"4014","sub_location":"04","category":"01","records":7,"pieces":100.00,"cost":603.48,"price":603.48,"location_description":"","location_tag_1":"","location_tag_1_description":"","sub_location_description":"SB RELLENONG BANGUS 1LB","sub_location_tag_1":"","sub_location_tag_1_description":""},{"employee":"5078","location":"4014","sub_location":"05","category":"01","records":8,"pieces":113.00,"cost":762.83,"price":762.83,"location_description":"","location_tag_1":"","location_tag_1_description":"","sub_location_description":"ANGEL'S FROZEN SQUID 5LBS","sub_location_tag_1":"","sub_location_tag_1_description":""},{"employee":"5078","location":"4015","sub_location":"01","category":"01","records":28,"pieces":623.00,"cost":2107.59,"price":2107.59,"location_description":"","location_tag_1":"","location_tag_1_description":"","sub_location_description":"LUCKY ME BEEF MAMI CUP 70g","sub_location_tag_1":"","sub_location_tag_1_description":""},{"employee":"5078","location":"4015","sub_location":"02","category":"01","records":62,"pieces":1587.00,"cost":4083.89,"price":4083.89,"location_description":"","location_tag_1":"","location_tag_1_description":"","sub_location_description":"PAN. SHRIMP PASTE S.O 15.15oz","sub_location_tag_1":"","sub_location_tag_1_description":""},{"employee":"6507","location":"1007","sub_location":"01","category":"01","records":36,"pieces":810.00,"cost":2170.40,"price":2170.40,"location_description":"","location_tag_1":"","location_tag_1_description":"","sub_location_description":"NAVARRO'S FERM. SHRIMP 8oz","sub_location_tag_1":"","sub_location_tag_1_description":""},{"employee":"6507","location":"1007","sub_location":"02","category":"01","records":26,"pieces":1001.00,"cost":3233.39,"price":3233.39,"location_description":"","location_tag_1":"","location_tag_1_description":"","sub_location_description":"MARKA HIPON SPANISH SARDINES","sub_location_tag_1":"","sub_location_tag_1_description":""},{"employee":"6507","location":"1007","sub_location":"03","category":"01","records":38,"pieces":1648.00,"cost":3942.72,"price":3942.72,"location_description":"","location_tag_1":"","location_tag_1_description":"","sub_location_description":"TOME SARD OLV OIL PICKLE 125G","sub_location_tag_1":"","sub_location_tag_1_description":""},{"employee":"6507","location":"1007","sub_location":"04","category":"01","records":30,"pieces":1855.00,"cost":3680.95,"price":3680.95,"location_description":"","location_tag_1":"","location_tag_1_description":"","sub_location_description":"NURI SPICED SARD. IN O OIL 3.16","sub_location_tag_1":"","sub_location_tag_1_description":""},{"employee":"6507","location":"4008","sub_location":"01","category":"01","records":9,"pieces":165.00,"cost":1098.95,"price":1098.95,"location_description":"","location_tag_1":"","location_tag_1_description":"","sub_location_description":"HOCEAN BEST Q DRIED SHRIMP 3OZ","sub_location_tag_1":"","sub_location_tag_1_description":""},{"employee":"6507","location":"4008","sub_location":"02","category":"01","records":7,"pieces":198.00,"cost":1115.62,"price":1115.62,"location_description":"","location_tag_1":"","location_tag_1_description":"","sub_location_description":"HANG TAI DRIED SQUID 7oz/200g","sub_location_tag_1":"","sub_location_tag_1_description":""},{"employee":"6507","location":"4008","sub_location":"03","category":"01","records":8,"pieces":205.00,"cost":741.75,"price":741.75,"location_description":"","location_tag_1":"","location_tag_1_description":"","sub_location_description":"DRIED BOILED SHRIMP 6oz","sub_location_tag_1":"","sub_location_tag_1_description":""},{"employee":"6507","location":"4008","sub_location":"04","category":"01","records":9,"pieces":172.00,"cost":714.28,"price":714.28,"location_description":"","location_tag_1":"","location_tag_1_description":"","sub_location_description":"FANKO HERRING FISH TUNSOY 200G","sub_location_tag_1":"","sub_location_tag_1_description":""},{"employee":"6507","location":"4008","sub_location":"05","category":"01","records":11,"pieces":189.00,"cost":999.01,"price":999.01,"location_description":"","location_tag_1":"","location_tag_1_description":"","sub_location_description":"FANKO HERRING FISH TUNSOY 200G","sub_location_tag_1":"","sub_location_tag_1_description":""},{"employee":"6507","location":"4009","sub_location":"03","category":"01","records":11,"pieces":287.00,"cost":764.84,"price":764.84,"location_description":"","location_tag_1":"","location_tag_1_description":"","sub_location_description":"","sub_location_tag_1":"","sub_location_tag_1_description":""},{"employee":"6507","location":"4009","sub_location":"04","category":"01","records":10,"pieces":181.00,"cost":603.78,"price":603.78,"location_description":"","location_tag_1":"","location_tag_1_description":"","sub_location_description":"GOIN BANANA STEAMED SABA 1lb.","sub_location_tag_1":"","sub_location_tag_1_description":""},{"employee":"6507","location":"4009","sub_location":"05","category":"01","records":11,"pieces":258.00,"cost":2111.12,"price":1124.12,"location_description":"","location_tag_1":"","location_tag_1_description":"","sub_location_description":"GM EDIBLE PORK BLOOD 10 OZ","sub_location_tag_1":"","sub_location_tag_1_description":""},{"employee":"6507","location":"4009","sub_location":"06","category":"01","records":11,"pieces":199.00,"cost":894.11,"price":894.11,"location_description":"","location_tag_1":"","location_tag_1_description":"","sub_location_description":"","sub_location_tag_1":"","sub_location_tag_1_description":""},{"employee":"6507","location":"4009","sub_location":"07","category":"01","records":11,"pieces":186.00,"cost":1032.74,"price":1032.74,"location_description":"","location_tag_1":"","location_tag_1_description":"","sub_location_description":"MAG SWT PORK LONG 12OZ","sub_location_tag_1":"","sub_location_tag_1_description":""},{"employee":"6507","location":"4009","sub_location":"08","category":"01","records":9,"pieces":101.00,"cost":579.69,"price":579.69,"location_description":"","location_tag_1":"","location_tag_1_description":"","sub_location_description":"MAGNOLIA HOT DOGS REGULAR 12OZ","sub_location_tag_1":"","sub_location_tag_1_description":""},{"employee":"6507","location":"4009","sub_location":"09","category":"01","records":12,"pieces":177.00,"cost":1174.93,"price":1174.93,"location_description":"","location_tag_1":"","location_tag_1_description":"","sub_location_description":"BEST CHICKEN SHUMAI 10oz","sub_location_tag_1":"","sub_location_tag_1_description":""},{"employee":"6507","location":"4009","sub_location":"10","category":"01","records":11,"pieces":117.00,"cost":1503.23,"price":1503.23,"location_description":"","location_tag_1":"","location_tag_1_description":"","sub_location_description":"BEST PORK SHUMAI 10oz","sub_location_tag_1":"","sub_location_tag_1_description":""},{"employee":"6507","location":"4009","sub_location":"11","category":"01","records":10,"pieces":114.00,"cost":1754.06,"price":1754.06,"location_description":"","location_tag_1":"","location_tag_1_description":"","sub_location_description":"","sub_location_tag_1":"","sub_location_tag_1_description":""},{"employee":"6507","location":"4009","sub_location":"12","category":"01","records":8,"pieces":120.00,"cost":1872.68,"price":1872.68,"location_description":"","location_tag_1":"","location_tag_1_description":"","sub_location_description":"GOLDILOCKS CHICKEN SIOPAO","sub_location_tag_1":"","sub_location_tag_1_description":""},{"employee":"6507","location":"4009","sub_location":"13","category":"01","records":20,"pieces":1198.00,"cost":2228.38,"price":2228.38,"location_description":"","location_tag_1":"","location_tag_1_description":"","sub_location_description":"GM Chicharon Laman","sub_location_tag_1":"","sub_location_tag_1_description":""},{"employee":"6507","location":"8001","sub_location":"04","category":"01","records":14,"pieces":1188.00,"cost":9340.44,"price":9340.44,"location_description":"","location_tag_1":"","location_tag_1_description":"","sub_location_description":"","sub_location_tag_1":"","sub_location_tag_1_description":""},{"employee":"8774","location":"3001","sub_location":"01","category":"01","records":61,"pieces":1980.00,"cost":2959.33,"price":2959.33,"location_description":"","location_tag_1":"","location_tag_1_description":"","sub_location_description":"MOGU LYCHEE NATA 1L+CRV","sub_location_tag_1":"","sub_location_tag_1_description":""},{"employee":"8774","location":"4007","sub_location":"04","category":"01","records":16,"pieces":179.00,"cost":486.63,"price":486.63,"location_description":"","location_tag_1":"","location_tag_1_description":"","sub_location_description":"UFC CATSUP 1gal. 4kg. 1.41oz.","sub_location_tag_1":"","sub_location_tag_1_description":""},{"employee":"8774","location":"4010","sub_location":"01","category":"01","records":76,"pieces":735.00,"cost":3249.67,"price":3249.67,"location_description":"","location_tag_1":"","location_tag_1_description":"","sub_location_description":"ABC MANGO JELLY JAR 1400G","sub_location_tag_1":"","sub_location_tag_1_description":""},{"employee":"8774","location":"4010","sub_location":"02","category":"01","records":75,"pieces":739.00,"cost":3822.47,"price":3822.47,"location_description":"","location_tag_1":"","location_tag_1_description":"","sub_location_description":"T.R RACOON 28.2","sub_location_tag_1":"","sub_location_tag_1_description":""},{"employee":"8774","location":"4010","sub_location":"F1","category":"01","records":5,"pieces":149.00,"cost":504.11,"price":504.11,"location_description":"","location_tag_1":"","location_tag_1_description":"","sub_location_description":"NURI SPICED MAC. 4.38oz","sub_location_tag_1":"","sub_location_tag_1_description":""},{"employee":"8774","location":"4010","sub_location":"F2","category":"01","records":18,"pieces":437.00,"cost":689.80,"price":689.80,"location_description":"","location_tag_1":"","location_tag_1_description":"","sub_location_description":"BOY BAWANG CORN BBQ 100g","sub_location_tag_1":"","sub_location_tag_1_description":""},{"employee":"8774","location":"4011","sub_location":"01","category":"01","records":27,"pieces":265.00,"cost":1146.49,"price":1152.85,"location_description":"","location_tag_1":"","location_tag_1_description":"","sub_location_description":"NOVUHAIR LOTION 200mL","sub_location_tag_1":"","sub_location_tag_1_description":""},{"employee":"9361","location":"4001","sub_location":"01","category":"01","records":19,"pieces":175.00,"cost":1107.35,"price":1107.35,"location_description":"","location_tag_1":"","location_tag_1_description":"","sub_location_description":"CROL SUNFLOWER CRKRS ORIG 600G","sub_location_tag_1":"","sub_location_tag_1_description":""},{"employee":"9361","location":"4001","sub_location":"02","category":"01","records":10,"pieces":144.00,"cost":430.56,"price":430.56,"location_description":"","location_tag_1":"","location_tag_1_description":"","sub_location_description":"MY SHALD AIR FRESH APPLE 2.8OZ","sub_location_tag_1":"","sub_location_tag_1_description":""},{"employee":"9361","location":"8001","sub_location":"01","category":"01","records":35,"pieces":936.00,"cost":2238.59,"price":2238.59,"location_description":"","location_tag_1":"","location_tag_1_description":"","sub_location_description":"SUPER Q CANTON 454g / 16oz.","sub_location_tag_1":"","sub_location_tag_1_description":""},{"employee":"9361","location":"8001","sub_location":"02","category":"01","records":23,"pieces":2992.00,"cost":3420.64,"price":3420.64,"location_description":"","location_tag_1":"","location_tag_1_description":"","sub_location_description":"","sub_location_tag_1":"","sub_location_tag_1_description":""},{"employee":"9361","location":"8001","sub_location":"03","category":"01","records":23,"pieces":1131.00,"cost":4075.49,"price":4075.49,"location_description":"","location_tag_1":"","location_tag_1_description":"","sub_location_description":"UFC SPAG SAUCE SWT FIL 1 KG","sub_location_tag_1":"","sub_location_tag_1_description":""},{"employee":"9361","location":"8002","sub_location":"01","category":"01","records":5,"pieces":266.00,"cost":463.14,"price":463.14,"location_description":"","location_tag_1":"","location_tag_1_description":"","sub_location_description":"MAMA SITAS PANSIT BIHON MIX 40G","sub_location_tag_1":"","sub_location_tag_1_description":""},{"employee":"9361","location":"8002","sub_location":"02","category":"01","records":2,"pieces":192.00,"cost":593.28,"price":593.28,"location_description":"","location_tag_1":"","location_tag_1_description":"","sub_location_description":"LIGO CAL SQUID 15OZ/425G","sub_location_tag_1":"","sub_location_tag_1_description":""},{"employee":"9361","location":"8002","sub_location":"03","category":"01","records":4,"pieces":216.00,"cost":669.84,"price":669.84,"location_description":"","location_tag_1":"","location_tag_1_description":"","sub_location_description":"PALM CORNED BEEF 11.5OZ 326G","sub_location_tag_1":"","sub_location_tag_1_description":""},{"employee":"9361","location":"8002","sub_location":"04","category":"01","records":14,"pieces":793.00,"cost":1700.67,"price":1700.67,"location_description":"","location_tag_1":"","location_tag_1_description":"","sub_location_description":"MAE PLOY COCO CREAM 19FLOZ","sub_location_tag_1":"","sub_location_tag_1_description":""},{"employee":"9361","location":"8002","sub_location":"05","category":"01","records":17,"pieces":949.00,"cost":4035.03,"price":4035.03,"location_description":"","location_tag_1":"","location_tag_1_description":"","sub_location_description":"KOPIKO BROWN COFFEE 25GX30","sub_location_tag_1":"","sub_location_tag_1_description":""}]}}